,Date,total_sleep_hours
0,2021-08-27,7.53
1,2021-08-29,0.20722222222222222
2,2021-09-28,7.203611111111111
3,2021-09-29,7.277222222222222
6,2021-10-02,8.0
7,2021-10-03,6.937777777777778
9,2021-10-04,7.010277777777778
8,2021-10-05,1.0086111111111111
12,2021-10-06,7.421944444444445
11,2021-10-07,6.284999999999999
15,2021-10-08,8.0
16,2021-10-09,7.206388888888889
17,2021-10-10,7.030277777777778
18,2021-10-11,7.261111111111111
19,2021-10-12,6.547777777777778
20,2021-10-13,6.671666666666667
21,2021-10-16,7.005
22,2021-10-17,7.187777777777778
25,2021-10-18,7.300833333333333
26,2021-10-19,0.0002777777777777778
28,2021-10-20,0.4866666666666667
30,2021-10-21,7.220555555555555
29,2021-10-22,6.471111111111111
32,2021-10-23,0.6952777777777778
31,2021-10-24,6.5697222222222225
33,2021-10-25,5.777777777777778
38,2021-10-26,7.0808333333333335
39,2021-10-27,7.116666666666666
40,2021-10-30,6.555833333333333
41,2021-10-31,7.341111111111111
43,2021-11-01,6.441944444444444
45,2021-11-02,0.3997222222222222
47,2021-11-03,5.753611111111111
49,2021-11-04,6.3372222222222225
51,2021-11-05,5.29
52,2021-11-06,7.014444444444444
53,2021-11-07,7.428055555555557
54,2021-11-08,6.636666666666667
55,2021-11-09,6.56
57,2021-11-10,5.656666666666667
58,2021-11-11,6.622222222222222
59,2021-11-12,6.868888888888889
60,2021-11-13,7.306111111111111
61,2021-11-14,7.543333333333334
62,2021-11-15,6.996388888888889
63,2021-11-16,6.535277777777778
64,2021-11-17,6.766666666666667
65,2021-11-18,5.6147222222222215
66,2021-11-19,3.8808333333333334
67,2021-11-20,8.000277777777777
68,2021-11-21,7.739722222222222
71,2021-11-22,7.783333333333333
70,2021-11-23,7.051111111111111
73,2021-11-24,8.0
72,2021-11-25,6.575555555555556
74,2021-11-27,7.911111111111111
77,2021-11-28,7.608611111111111
76,2021-11-29,5.6002777777777775
78,2021-12-01,7.116944444444444
79,2021-12-02,6.117222222222222
80,2021-12-03,6.716666666666667
81,2021-12-04,7.268055555555556
82,2021-12-05,7.772222222222222
83,2021-12-06,6.364722222222222
84,2021-12-07,6.4783333333333335
85,2021-12-08,7.248888888888889
86,2021-12-09,7.400833333333333
87,2021-12-10,6.914444444444444
88,2021-12-11,7.417777777777777
89,2021-12-12,4.336388888888888
93,2021-12-14,7.610833333333333
94,2021-12-15,7.683333333333334
95,2021-12-18,7.5075
96,2021-12-19,8.0
97,2021-12-20,7.299444444444444
101,2021-12-21,8.0
100,2021-12-22,0.065
102,2021-12-24,7.321111111111111
103,2021-12-25,7.526388888888889
104,2021-12-26,7.48
107,2021-12-27,7.214166666666666
109,2021-12-28,7.824166666666667
110,2021-12-29,7.872777777777777
111,2022-01-01,7.810555555555555
112,2022-01-02,8.0
113,2022-01-03,6.274444444444445
116,2022-01-04,8.0
117,2022-01-05,7.783611111111111
118,2022-01-08,7.856388888888889
121,2022-01-09,8.000833333333333
122,2022-01-10,7.965277777777778
123,2022-01-11,8.0
124,2022-01-12,8.0
125,2022-01-15,8.000277777777777
126,2022-01-16,7.850555555555555
128,2022-01-18,7.296666666666667
129,2022-01-19,7.013055555555556
130,2022-01-20,6.967777777777778
131,2022-01-21,7.168611111111111
132,2022-01-22,7.447777777777778
133,2022-01-23,6.138333333333334
134,2022-01-24,6.564166666666667
135,2022-01-25,7.019722222222223
136,2022-01-26,6.993333333333333
137,2022-01-27,7.060833333333333
138,2022-01-28,6.670833333333333
139,2022-01-29,6.812777777777778
142,2022-01-30,8.000277777777777
141,2022-01-31,7.059444444444445
144,2022-02-01,5.838888888888889
143,2022-02-02,7.428888888888889
145,2022-02-03,1.4630555555555556
146,2022-02-04,7.309444444444445
147,2022-02-05,6.811111111111111
148,2022-02-06,7.253333333333333
149,2022-02-07,7.289722222222222
150,2022-02-08,6.820277777777778
154,2022-02-09,7.828888888888889
153,2022-02-10,1.309722222222222
155,2022-02-12,5.691666666666666
156,2022-02-13,8.000555555555556
157,2022-02-14,7.080277777777778
158,2022-02-15,7.103611111111111
161,2022-02-16,7.993055555555555
160,2022-02-17,6.759722222222222
162,2022-02-19,8.000277777777777
163,2022-02-20,7.998333333333333
164,2022-02-21,6.574722222222222
165,2022-02-22,6.919722222222222
166,2022-02-23,7.310833333333333
167,2022-02-24,6.3661111111111115
168,2022-02-25,6.829444444444444
169,2022-02-26,6.995
170,2022-02-27,7.749444444444444
171,2022-02-28,6.351111111111111
175,2022-03-02,7.5808333333333335
174,2022-03-03,5.951388888888889
176,2022-03-05,8.0
177,2022-03-06,8.0
181,2022-03-08,7.671388888888889
182,2022-03-09,8.0
183,2022-03-12,8.0
184,2022-03-13,7.0
187,2022-03-14,7.235
188,2022-03-15,7.343055555555556
189,2022-03-16,6.745555555555556
191,2022-03-18,7.822777777777778
190,2022-03-19,5.2091666666666665
193,2022-03-20,7.1177777777777775
194,2022-03-21,6.9383333333333335
195,2022-03-22,7.046111111111111
196,2022-03-23,7.615
197,2022-03-24,7.924722222222222
198,2022-03-25,7.5313888888888885
199,2022-03-26,6.4944444444444445
201,2022-03-27,6.779722222222222
202,2022-03-28,7.1305555555555555
203,2022-03-29,6.8613888888888885
204,2022-04-01,5.92
205,2022-04-02,5.775277777777778
206,2022-04-03,6.317222222222222
207,2022-04-04,5.823611111111111
208,2022-04-05,6.385277777777778
209,2022-04-06,6.323611111111111
210,2022-04-07,5.211388888888889
211,2022-04-08,4.260833333333333
214,2022-04-09,7.599722222222222
215,2022-04-10,6.846111111111111
218,2022-04-13,6.701666666666667
219,2022-04-14,8.000277777777777
220,2022-04-15,7.808611111111111
222,2022-04-17,6.851111111111111
223,2022-04-18,7.310277777777777
224,2022-04-19,6.641111111111111
226,2022-04-21,8.000277777777777
225,2022-04-22,2.301111111111111
227,2022-04-24,7.188888888888889
230,2022-04-25,7.018055555555556
229,2022-04-26,5.713333333333333
232,2022-04-27,7.283333333333333
231,2022-04-28,5.9494444444444445
235,2022-04-30,7.065833333333333
234,2022-05-01,6.013055555555556
236,2022-05-03,6.470555555555555
237,2022-05-04,4.476944444444444
240,2022-05-05,7.515555555555555
239,2022-05-06,6.033055555555555
242,2022-05-07,4.564166666666667
241,2022-05-08,5.5225
245,2022-05-09,2.868888888888889
244,2022-05-10,5.728055555555556
246,2022-05-11,3.859166666666667
247,2022-05-12,5.526388888888889
250,2022-05-13,7.721388888888889
251,2022-05-14,7.700833333333334
252,2022-05-15,7.0472222222222225
253,2022-05-16,8.000277777777777
254,2022-05-17,7.466111111111111
255,2022-05-20,5.301388888888889
256,2022-05-21,7.383055555555556
260,2022-05-22,7.016388888888889
261,2022-05-23,7.234166666666667
262,2022-05-24,7.511111111111111
265,2022-05-27,8.0
266,2022-05-28,7.110555555555556
267,2022-05-29,6.443611111111111
270,2022-05-31,7.391666666666667
271,2022-06-01,7.912222222222222
273,2022-06-03,7.609444444444445
272,2022-06-04,7.095555555555555
275,2022-06-06,0.0002777777777777778
276,2022-06-07,6.58
277,2022-06-08,7.451944444444444
281,2022-06-09,7.798611111111111
280,2022-06-10,1.9802777777777778
283,2022-06-11,7.835277777777778
284,2022-06-12,6.179166666666666
286,2022-06-13,6.239722222222222
285,2022-06-14,0.0002777777777777778
289,2022-06-15,7.123333333333333
288,2022-06-16,5.842777777777778
290,2022-06-17,0.7105555555555556
293,2022-06-18,7.635833333333333
292,2022-06-19,7.029722222222222
294,2022-06-20,0.35694444444444445
298,2022-06-21,7.8075
297,2022-06-22,6.921944444444445
301,2022-06-24,7.296111111111111
300,2022-06-25,6.8694444444444445
305,2022-06-26,7.4127777777777775
304,2022-06-27,0.3011111111111111
306,2022-06-29,5.685
307,2022-06-30,6.706944444444445
308,2022-07-01,6.496388888888889
309,2022-07-02,7.262777777777778
310,2022-07-03,1.6561111111111113
311,2022-07-04,5.6866666666666665
313,2022-07-05,5.188888888888889
315,2022-07-06,7.035555555555556
316,2022-07-07,5.377777777777778
320,2022-07-08,6.361944444444444
321,2022-07-10,6.160555555555556
322,2022-07-11,7.475555555555555
323,2022-07-12,11.869166666666667
325,2022-07-13,0.20722222222222222
324,2022-07-14,7.121944444444445
326,2022-07-15,6.623055555555555
329,2022-07-16,7.032222222222222
328,2022-07-17,1.7894444444444444
331,2022-07-18,7.3025
330,2022-07-19,6.6125
333,2022-07-20,4.161666666666667
332,2022-07-21,6.270277777777777
334,2022-07-22,2.9994444444444444
338,2022-07-23,7.390833333333333
339,2022-07-24,7.59
341,2022-07-25,7.1775
340,2022-07-26,0.08777777777777777
343,2022-07-27,7.045277777777778
342,2022-07-28,6.9622222222222225
344,2022-07-30,7.333888888888889
345,2022-07-31,5.775555555555556
346,2022-08-01,6.575277777777778
347,2022-08-02,6.19
348,2022-08-03,5.972777777777778
349,2022-08-04,6.948055555555555
352,2022-08-05,7.731111111111111
351,2022-08-06,7.068888888888889
355,2022-08-08,7.08
354,2022-08-09,6.7725
357,2022-08-10,3.2463888888888888
359,2022-08-11,4.86
361,2022-08-12,6.771388888888889
363,2022-08-13,7.016944444444444
364,2022-08-14,5.123611111111111
366,2022-08-15,6.798055555555556
368,2022-08-16,6.436944444444444
367,2022-08-17,0.08083333333333333
369,2022-08-18,1.261388888888889
370,2022-08-19,4.325
371,2022-08-20,7.416666666666666
373,2022-08-21,5.58
374,2022-08-22,6.048611111111111
375,2022-08-23,6.104444444444444
376,2022-08-24,6.864166666666667
377,2022-08-25,7.021944444444444
378,2022-08-26,6.952222222222222
379,2022-08-27,6.659722222222222
382,2022-08-28,8.75
383,2022-08-29,8.75
384,2022-08-30,7.787222222222222
385,2022-08-31,2.2733333333333334
386,2022-09-02,6.410555555555555
387,2022-09-03,7.303333333333334
388,2022-09-04,5.677222222222222
389,2022-09-05,6.55
390,2022-09-06,6.088333333333333
391,2022-09-07,6.823611111111111
392,2022-09-08,6.232777777777778
393,2022-09-09,7.301944444444445
395,2022-09-10,6.389166666666666
396,2022-09-11,6.633333333333333
397,2022-09-12,5.753333333333333
399,2022-09-13,5.532222222222222
400,2022-09-14,6.184444444444445
401,2022-09-15,5.893888888888889
402,2022-09-16,7.447222222222222
403,2022-09-17,5.916666666666667
406,2022-09-18,8.102777777777778
407,2022-09-19,7.779722222222222
410,2022-09-22,7.5075
409,2022-09-23,6.269722222222223
411,2022-09-25,5.781944444444444
412,2022-09-26,5.939722222222223
414,2022-09-27,4.729722222222223
415,2022-09-28,7.4075
419,2022-09-29,7.882777777777778
418,2022-09-30,6.645555555555556
420,2022-10-02,6.803888888888889
421,2022-10-03,5.576944444444444
422,2022-10-04,7.420555555555556
425,2022-10-05,7.824166666666667
424,2022-10-06,7.163333333333333
426,2022-10-08,6.853888888888889
427,2022-10-09,6.746111111111111
430,2022-10-10,7.940555555555555
429,2022-10-11,7.637499999999999
433,2022-10-13,7.563055555555556
432,2022-10-14,6.401666666666666
434,2022-10-16,6.250555555555556
435,2022-10-17,7.301944444444445
436,2022-10-18,7.5713888888888885
437,2022-10-19,6.543333333333333
440,2022-10-20,8.000555555555556
439,2022-10-21,7.052222222222222
441,2022-10-23,6.311111111111111
442,2022-10-24,6.483611111111111
443,2022-10-25,7.058611111111111
444,2022-10-26,7.743611111111111
445,2022-10-27,6.357777777777778
447,2022-10-28,0.5652777777777778
448,2022-10-29,7.066944444444444
451,2022-10-30,7.893055555555556
452,2022-10-31,8.355
453,2022-11-03,4.220833333333333
454,2022-11-04,6.714722222222222
455,2022-11-05,5.845555555555555
456,2022-11-06,8.334722222222222
457,2022-11-07,6.220833333333333
458,2022-11-08,6.191666666666666
459,2022-11-09,6.405833333333334
460,2022-11-10,6.4911111111111115
461,2022-11-11,7.2941666666666665
462,2022-11-12,5.0441666666666665
463,2022-11-13,7.446944444444444
464,2022-11-14,5.236111111111111
465,2022-11-15,6.619722222222222
466,2022-11-16,6.635555555555555
467,2022-11-17,7.5875
468,2022-11-18,6.286944444444444
469,2022-11-19,7.874444444444444
470,2022-11-20,4.076944444444444
471,2022-11-21,5.465277777777778
472,2022-11-22,8.74611111111111
473,2022-11-23,8.749166666666667
474,2022-11-24,7.255
475,2022-11-25,8.326666666666666
476,2022-11-26,7.911111111111111
477,2022-11-27,7.953055555555555
478,2022-11-28,8.17388888888889
479,2022-11-29,6.728611111111111
480,2022-11-30,5.395555555555556
481,2022-12-01,8.065
482,2022-12-02,8.088333333333333
483,2022-12-03,8.0
484,2022-12-04,6.409722222222222
485,2022-12-05,6.975555555555555
486,2022-12-06,6.813888888888889
487,2022-12-07,6.691388888888889
488,2022-12-08,5.4927777777777775
489,2022-12-09,5.094722222222222
490,2022-12-10,6.674444444444444
491,2022-12-11,5.496111111111111
492,2022-12-12,4.2188888888888885
493,2022-12-13,6.958611111111111
494,2022-12-14,6.120555555555556
495,2022-12-15,6.686111111111111
496,2022-12-16,8.602222222222222
497,2022-12-17,5.5408333333333335
498,2022-12-18,7.319166666666667
499,2022-12-19,7.173888888888889
500,2022-12-20,7.523333333333333
501,2022-12-21,7.696666666666666
502,2022-12-22,8.024166666666666
503,2022-12-23,7.7525
504,2022-12-24,7.833611111111111
505,2022-12-25,7.469166666666666
506,2022-12-26,7.308055555555556
507,2022-12-27,8.240277777777777
508,2022-12-28,7.491666666666666
509,2022-12-29,7.9525
510,2022-12-30,7.9286111111111115
511,2022-12-31,7.368888888888889
512,2023-01-01,7.539444444444445
513,2023-01-02,7.902777777777778
514,2023-01-03,8.625555555555556
515,2023-01-04,5.665277777777778
516,2023-01-05,8.04888888888889
517,2023-01-06,8.58361111111111
518,2023-01-07,8.000555555555556
519,2023-01-08,7.5025
520,2023-01-09,7.368333333333333
521,2023-01-10,7.663888888888889
522,2023-01-11,7.313055555555556
523,2023-01-12,8.298055555555555
524,2023-01-13,8.479444444444445
525,2023-01-14,7.2555555555555555
526,2023-01-15,6.5183333333333335
527,2023-01-16,8.059166666666666
528,2023-01-17,8.171111111111111
529,2023-01-18,7.3277777777777775
530,2023-01-19,8.120277777777778
531,2023-01-20,7.854444444444445
532,2023-01-21,6.525
533,2023-01-22,8.0
534,2023-01-23,7.664444444444444
535,2023-01-24,7.5475
536,2023-01-25,8.158611111111112
537,2023-01-26,7.838611111111111
538,2023-01-27,7.79
539,2023-01-28,7.088055555555556
540,2023-01-29,7.405277777777778
541,2023-01-30,7.340277777777778
542,2023-01-31,6.599444444444444
543,2023-02-01,7.952222222222222
544,2023-02-02,7.970555555555555
545,2023-02-03,7.286111111111111
546,2023-02-04,6.9191666666666665
547,2023-02-05,7.926388888888888
548,2023-02-06,7.466388888888889
549,2023-02-07,7.165277777777778
550,2023-02-08,7.9158333333333335
551,2023-02-09,8.0025
552,2023-02-10,6.749444444444444
553,2023-02-11,6.752777777777778
554,2023-02-12,7.659722222222222
555,2023-02-13,6.933333333333334
556,2023-02-14,7.759444444444444
557,2023-02-15,7.570833333333334
558,2023-02-16,8.37361111111111
559,2023-02-17,6.5680555555555555
560,2023-02-18,7.834444444444444
561,2023-02-19,7.4158333333333335
562,2023-02-20,7.623333333333333
563,2023-02-21,7.856944444444444
564,2023-02-22,7.506388888888889
565,2023-02-23,7.834444444444444
566,2023-02-24,7.411388888888889
567,2023-02-25,7.780555555555556
568,2023-02-26,8.00361111111111
569,2023-02-27,6.873888888888889
570,2023-02-28,7.1925
571,2023-03-01,7.501111111111111
572,2023-03-02,8.465000000000002
573,2023-03-03,8.616111111111111
577,2023-03-04,9.008055555555556
578,2023-03-05,6.593333333333334
579,2023-03-06,7.01
581,2023-03-07,8.180277777777778
583,2023-03-08,7.463333333333333
584,2023-03-09,3.442222222222222
587,2023-03-11,7.489166666666667
586,2023-03-12,6.924999999999999
589,2023-03-13,8.009722222222223
591,2023-03-14,7.6097222222222225
590,2023-03-15,0.15277777777777776
592,2023-03-16,1.1263888888888889
593,2023-03-17,6.749166666666667
594,2023-03-18,8.15388888888889
595,2023-03-19,8.14611111111111
599,2023-03-20,8.0175
601,2023-03-21,8.368611111111111
600,2023-03-22,0.02277777777777778
602,2023-03-23,0.09555555555555556
603,2023-03-24,6.833611111111111
606,2023-03-25,8.435833333333333
605,2023-03-26,8.013055555555555
607,2023-03-28,6.998333333333333
608,2023-03-29,7.905277777777778
612,2023-03-30,8.288055555555555
611,2023-03-31,0.04333333333333333
613,2023-04-01,0.13583333333333333
616,2023-04-02,7.8036111111111115
617,2023-04-03,8.008611111111112
620,2023-04-05,1.436388888888889
619,2023-04-06,7.3805555555555555
621,2023-04-07,7.607777777777778
622,2023-04-08,8.207499999999998
623,2023-04-09,8.242777777777778
626,2023-04-10,7.593055555555556
625,2023-04-11,7.178888888888888
627,2023-04-12,0.03166666666666667
628,2023-04-13,6.964166666666666
629,2023-04-14,6.742222222222223
630,2023-04-15,7.552777777777778
631,2023-04-16,8.270833333333332
634,2023-04-17,7.538611111111111
633,2023-04-18,8.178333333333333
636,2023-04-19,7.155555555555556
635,2023-04-20,7.578333333333333
637,2023-04-22,8.064722222222223
638,2023-04-23,7.868333333333333
641,2023-04-24,7.540555555555556
640,2023-04-25,8.890555555555554
643,2023-04-26,0.5005555555555555
642,2023-04-27,7.363888888888889
644,2023-04-28,6.575833333333333
647,2023-04-29,8.758888888888889
646,2023-04-30,7.55
649,2023-05-02,7.3025
650,2023-05-03,8.104722222222222
651,2023-05-04,6.158333333333333
652,2023-05-05,6.395
653,2023-05-06,7.533888888888889
654,2023-05-07,8.554444444444444
657,2023-05-08,10.008888888888889
656,2023-05-09,8.613888888888889
659,2023-05-10,9.2375
658,2023-05-11,7.962777777777777
660,2023-05-13,7.487777777777778
661,2023-05-14,9.004166666666666
662,2023-05-15,7.92861111111111
665,2023-05-16,7.741388888888889
666,2023-05-17,10.005555555555556
667,2023-05-20,8.704444444444444
671,2023-05-21,7.867222222222222
672,2023-05-22,7.7075
673,2023-05-23,6.505
674,2023-05-24,6.505277777777778
676,2023-05-26,7.6175
675,2023-05-27,7.640277777777778
679,2023-05-28,7.303055555555556
680,2023-05-29,7.631388888888889
682,2023-05-30,7.309722222222222
684,2023-05-31,6.485555555555556
683,2023-06-01,0.46444444444444444
687,2023-06-03,7.447222222222222
686,2023-06-04,7.1575
690,2023-06-05,7.658055555555555
692,2023-06-06,7.5125
694,2023-06-07,7.3822222222222225
693,2023-06-08,0.31777777777777777
695,2023-06-09,0.11722222222222223
698,2023-06-10,7.3036111111111115
697,2023-06-11,7.509722222222223
701,2023-06-12,7.428888888888889
702,2023-06-13,7.468333333333334
703,2023-06-14,8.085277777777778
704,2023-06-17,8.504444444444445
705,2023-06-18,7.479444444444444
707,2023-06-19,0.024999999999999998
710,2023-06-20,7.546666666666667
709,2023-06-21,6.974444444444444
714,2023-06-24,7.936111111111111
716,2023-06-25,7.434444444444445
718,2023-06-26,6.813888888888889
720,2023-06-27,7.432222222222222
721,2023-06-28,7.005
722,2023-07-01,7.498333333333334
723,2023-07-02,7.504166666666666
727,2023-07-03,7.128055555555555
728,2023-07-04,7.448611111111111
729,2023-07-05,7.283333333333333
732,2023-07-08,7.75
731,2023-07-09,7.806388888888888
734,2023-07-10,7.675
735,2023-07-11,7.2572222222222225
736,2023-07-12,6.255277777777778
739,2023-07-15,7.4975
740,2023-07-16,7.146388888888889
741,2023-07-17,7.357222222222222
743,2023-07-18,7.753611111111111
744,2023-07-19,7.334444444444444
745,2023-07-22,7.889444444444445
749,2023-07-23,7.233611111111111
750,2023-07-24,7.214722222222222
751,2023-07-27,7.480555555555555
752,2023-07-28,7.582777777777778
753,2023-07-29,7.663333333333333
754,2023-07-30,8.005277777777778
755,2023-07-31,7.561388888888889
758,2023-08-01,7.5311111111111115
759,2023-08-02,7.254722222222222
762,2023-08-05,7.491944444444444
761,2023-08-06,7.5975
765,2023-08-07,6.693333333333333
767,2023-08-08,6.878055555555555
769,2023-08-09,7.254444444444444
770,2023-08-10,8.003055555555555
773,2023-08-13,7.573888888888889
772,2023-08-14,7.705833333333334
777,2023-08-15,8.43138888888889
776,2023-08-16,5.163055555555556
778,2023-08-17,0.0002777777777777778
779,2023-08-18,6.711666666666666
780,2023-08-19,7.461388888888889
783,2023-08-20,8.084166666666667
784,2023-08-21,8.176666666666666
785,2023-08-22,7.643888888888889
786,2023-08-25,7.636388888888889
789,2023-08-26,7.933055555555556
791,2023-08-27,8.3425
792,2023-08-28,8.029722222222222
793,2023-08-29,8.34388888888889
794,2023-08-30,8.342777777777778
797,2023-09-02,8.231944444444444
799,2023-09-03,8.373055555555556
798,2023-09-04,0.009166666666666667
802,2023-09-05,7.9383333333333335
803,2023-09-06,8.254722222222222
806,2023-09-09,7.7275
808,2023-09-10,8.378333333333334
807,2023-09-11,0.005555555555555556
810,2023-09-12,8.045555555555556
809,2023-09-13,6.774166666666667
811,2023-09-14,0.14333333333333334
813,2023-09-15,7.701111111111111
814,2023-09-16,8.373611111111112
817,2023-09-17,8.070277777777777
818,2023-09-18,7.873611111111111
820,2023-09-19,7.6375
822,2023-09-20,8.379444444444445
821,2023-09-21,0.15527777777777776
825,2023-09-23,8.2725
824,2023-09-24,7.921111111111111
828,2023-09-25,8.411944444444444
827,2023-09-26,0.08333333333333333
830,2023-09-27,8.255555555555556
829,2023-09-28,7.419722222222222
831,2023-09-30,8.004722222222222
832,2023-10-01,8.00388888888889
837,2023-10-02,7.601944444444444
836,2023-10-03,0.1725
840,2023-10-04,6.935555555555555
839,2023-10-05,8.438333333333334
841,2023-10-06,1.3016666666666667
842,2023-10-07,7.793333333333333
843,2023-10-08,7.949722222222222
844,2023-10-09,7.421944444444445
848,2023-10-10,7.9525
847,2023-10-11,7.085277777777778
849,2023-10-13,7.673611111111111
850,2023-10-14,8.178888888888888
851,2023-10-15,7.93138888888889
855,2023-10-16,8.566666666666666
856,2023-10-17,7.789444444444444
857,2023-10-19,0.20027777777777778
858,2023-10-20,8.051944444444445
861,2023-10-21,7.7491666666666665
860,2023-10-22,7.218888888888889
863,2023-10-23,7.671944444444445
862,2023-10-24,7.1386111111111115
864,2023-10-25,0.3005555555555556
865,2023-10-26,7.413888888888889
866,2023-10-27,8.14638888888889
867,2023-10-28,7.9991666666666665
868,2023-10-29,8.425
871,2023-10-30,7.585
872,2023-10-31,8.256944444444445
873,2023-11-02,0.14527777777777776
874,2023-11-03,7.259444444444444
875,2023-11-04,8.256388888888889
876,2023-11-05,9.0725
877,2023-11-06,8.233611111111111
878,2023-11-07,7.634722222222223
879,2023-11-08,7.7844444444444445
880,2023-11-09,7.180833333333333
881,2023-11-10,8.40138888888889
882,2023-11-11,6.9608333333333325
883,2023-11-12,7.717777777777778
884,2023-11-13,7.675833333333332
885,2023-11-14,8.12138888888889
886,2023-11-15,7.6994444444444445
887,2023-11-16,7.267777777777778
888,2023-11-17,9.661388888888888
889,2023-11-18,7.8950000000000005
890,2023-11-19,6.56861111111111
891,2023-11-20,8.231944444444444
892,2023-11-21,8.40611111111111
893,2023-11-22,7.689166666666667
894,2023-11-23,7.8533333333333335
895,2023-11-24,6.941111111111111
896,2023-11-25,7.674444444444444
897,2023-11-26,8.486944444444445
898,2023-11-27,7.940555555555555
899,2023-11-28,7.861666666666666
900,2023-11-29,8.282222222222222
901,2023-11-30,7.725833333333333
902,2023-12-01,8.656666666666666
903,2023-12-02,7.9725
904,2023-12-03,7.9222222222222225
905,2023-12-04,7.361944444444444
906,2023-12-05,8.136944444444444
907,2023-12-06,8.190833333333334
908,2023-12-07,9.334444444444443
909,2023-12-08,8.116666666666667
910,2023-12-09,8.216111111111111
911,2023-12-10,8.37861111111111
912,2023-12-11,8.498333333333333
913,2023-12-12,7.643611111111111
914,2023-12-13,8.3325
915,2023-12-14,6.7491666666666665
916,2023-12-15,6.857222222222222
917,2023-12-16,8.504166666666666
918,2023-12-17,8.049444444444443
919,2023-12-18,7.6819444444444445
920,2023-12-19,7.5744444444444445
921,2023-12-20,7.592777777777777
922,2023-12-21,7.3597222222222225
923,2023-12-22,8.553055555555554
924,2023-12-23,7.767777777777778
925,2023-12-24,8.058333333333334
926,2023-12-25,7.468333333333334
927,2023-12-26,8.158888888888889
928,2023-12-27,8.502222222222223
929,2023-12-28,8.30111111111111
930,2023-12-29,9.004722222222222
931,2023-12-30,9.00361111111111
932,2023-12-31,9.00611111111111
933,2024-01-01,9.019166666666667
934,2024-01-02,7.628333333333333
935,2024-01-03,6.816111111111111
936,2024-01-04,9.003055555555555
937,2024-01-05,9.00388888888889
938,2024-01-06,9.306944444444444
939,2024-01-07,8.038055555555555
940,2024-01-08,8.575833333333334
941,2024-01-09,6.097222222222222
942,2024-01-10,7.8261111111111115
943,2024-01-11,7.418611111111111
944,2024-01-12,7.8036111111111115
945,2024-01-13,7.341111111111111
946,2024-01-14,8.140555555555556
947,2024-01-15,8.093333333333334
948,2024-01-16,8.264166666666666
949,2024-01-17,8.205555555555556
950,2024-01-18,7.975555555555555
951,2024-01-19,7.8872222222222215
952,2024-01-20,8.9875
953,2024-01-21,8.004444444444445
954,2024-01-22,7.5441666666666665
955,2024-01-23,7.6563888888888885
956,2024-01-24,7.812222222222222
957,2024-01-25,7.627777777777778
958,2024-01-26,7.864166666666666
959,2024-01-27,8.054444444444446
960,2024-01-28,7.9975
961,2024-01-29,6.935277777777777
962,2024-01-30,7.6002777777777775
963,2024-01-31,7.654444444444444
964,2024-02-01,7.505
965,2024-02-02,8.005555555555556
966,2024-02-03,8.25361111111111
967,2024-02-04,7.9605555555555565
968,2024-02-05,7.506666666666667
969,2024-02-06,7.655555555555556
970,2024-02-07,7.505
971,2024-02-08,7.915833333333333
972,2024-02-09,7.6575
973,2024-02-10,8.237777777777778
974,2024-02-11,8.16
975,2024-02-12,8.311388888888889
976,2024-02-13,7.658055555555555
977,2024-02-14,7.810555555555555
978,2024-02-15,7.505277777777778
979,2024-02-16,7.984166666666667
980,2024-02-17,7.5
981,2024-02-18,8.135555555555555
982,2024-02-19,7.970277777777778
983,2024-02-20,7.951388888888889
984,2024-02-21,8.136111111111111
985,2024-02-22,8.387777777777778
986,2024-02-23,7.934444444444444
987,2024-02-24,7.907777777777778
988,2024-02-25,8.742777777777778
989,2024-02-26,8.149444444444443
990,2024-02-27,8.057777777777778
991,2024-02-28,7.9350000000000005
992,2024-02-29,7.748888888888889
993,2024-03-01,8.7525
994,2024-03-02,7.118888888888889
995,2024-03-03,8.044722222222221
996,2024-03-04,7.801111111111111
997,2024-03-05,7.666944444444444
998,2024-03-06,8.503333333333334
999,2024-03-07,8.046944444444446
1000,2024-03-08,8.500555555555556
1001,2024-03-09,8.504722222222222
1005,2024-03-10,8.237222222222222
1006,2024-03-11,8.176111111111112
1008,2024-03-12,8.103333333333333
1007,2024-03-13,0.32055555555555554
1011,2024-03-14,1.4597222222222221
1013,2024-03-15,8.357222222222223
1014,2024-03-16,7.913611111111111
1015,2024-03-17,8.007222222222222
1017,2024-03-18,8.080555555555556
1018,2024-03-19,8.084444444444445
1019,2024-03-22,8.467222222222222
1020,2024-03-23,8.082777777777778
1023,2024-03-24,8.160277777777777
1024,2024-03-25,8.005
1025,2024-03-26,8.224722222222223
1026,2024-03-29,7.395833333333333
1027,2024-03-30,7.997222222222222
1028,2024-03-31,8.316944444444445
1031,2024-04-01,8.313333333333333
1033,2024-04-03,8.109166666666667
1032,2024-04-04,6.727222222222223
1036,2024-04-05,8.522777777777778
1035,2024-04-06,7.960277777777778
1037,2024-04-07,0.06777777777777777
1041,2024-04-08,8.000555555555556
1042,2024-04-09,8.054722222222223
1045,2024-04-11,8.35
1044,2024-04-12,7.485
1048,2024-04-14,8.413055555555555
1050,2024-04-15,8.3375
1049,2024-04-16,0.22416666666666668
1051,2024-04-18,7.981944444444444
1052,2024-04-19,7.905
1055,2024-04-20,8.233055555555556
1054,2024-04-21,8.191944444444445
1058,2024-04-22,8.0025
1059,2024-04-23,8.255833333333333
1062,2024-04-25,8.616666666666667
1061,2024-04-26,7.338611111111111
1064,2024-04-27,8.658333333333333
1063,2024-04-28,7.964722222222222
1065,2024-04-30,8.081944444444444
1066,2024-05-01,8.464722222222223
1070,2024-05-03,8.783333333333333
1069,2024-05-04,8.695277777777779
1072,2024-05-05,7.768611111111111
1074,2024-05-06,8.290277777777778
1075,2024-05-07,8.153055555555556
1076,2024-05-08,8.426666666666666
1077,2024-05-09,8.919444444444444
1078,2024-05-11,0.07361111111111111
1079,2024-05-12,8.415
1082,2024-05-13,9.008333333333333
1084,2024-05-14,9.565833333333334
1086,2024-05-15,8.505833333333333
1087,2024-05-16,0.9125
1089,2024-05-17,9.005
1090,2024-05-18,8.794444444444444
1092,2024-05-19,8.857777777777779
1094,2024-05-20,8.071111111111112
1095,2024-05-21,8.59388888888889
1097,2024-05-22,8.536944444444444
1099,2024-05-23,8.328888888888889
1101,2024-05-24,5.436388888888889
1100,2024-05-25,0.014166666666666666
1102,2024-05-26,2.768611111111111
1103,2024-05-27,7.960277777777778
1104,2024-05-28,7.978055555555555
1105,2024-05-29,7.667777777777778
1106,2024-05-30,7.435555555555555
1107,2024-05-31,7.755277777777778
1108,2024-06-01,7.937222222222223
1109,2024-06-02,8.99611111111111
1110,2024-06-03,8.010555555555555
1111,2024-06-04,7.503888888888889
1112,2024-06-05,7.351944444444444
1113,2024-06-06,7.503333333333333
1114,2024-06-07,8.146944444444443
1115,2024-06-08,7.6691666666666665
1116,2024-06-09,7.132222222222222
1117,2024-06-10,7.707777777777777
1118,2024-06-11,7.505277777777778
1119,2024-06-12,7.503055555555555
1120,2024-06-13,7.251388888888889
1121,2024-06-14,7.751944444444445
1122,2024-06-15,7.250555555555556
1123,2024-06-16,8.005
1124,2024-06-17,8.004166666666666
1125,2024-06-18,7.254444444444444
1126,2024-06-19,7.506388888888889
1127,2024-06-20,8.12111111111111
1128,2024-06-21,6.017777777777778
1129,2024-06-22,7.981388888888889
1131,2024-06-23,7.525555555555556
1132,2024-06-24,7.638888888888889
1133,2024-06-25,7.253611111111111
1134,2024-06-26,7.553888888888889
1135,2024-06-27,7.571666666666666
1136,2024-06-28,6.556666666666667
1137,2024-06-29,7.478055555555555
1138,2024-06-30,7.647777777777778
1139,2024-07-01,7.836388888888889
1140,2024-07-02,7.648611111111111
1141,2024-07-03,6.914166666666667
1142,2024-07-04,9.690833333333334
1143,2024-07-05,8.214444444444444
1144,2024-07-06,9.008333333333333
1145,2024-07-07,8.591944444444444
1146,2024-07-08,7.5441666666666665
1147,2024-07-09,7.6175
1148,2024-07-10,8.560833333333331
1149,2024-07-11,7.411111111111111
1150,2024-07-12,7.172777777777778
1151,2024-07-13,7.547777777777778
1152,2024-07-14,8.753333333333332
1153,2024-07-15,7.838333333333333
1154,2024-07-16,9.504166666666666
1155,2024-07-17,9.606666666666667
1156,2024-07-18,8.684722222222222
1157,2024-07-19,8.724999999999998
1158,2024-07-20,8.475555555555555
1159,2024-07-21,7.943333333333333
1160,2024-07-22,8.703888888888889
1161,2024-07-23,8.426111111111112
1162,2024-07-24,8.573611111111111
1163,2024-07-25,8.470277777777778
1164,2024-07-26,7.681388888888889
1165,2024-07-27,8.808333333333334
1166,2024-07-28,6.259722222222222
1168,2024-07-29,7.505277777777778
1169,2024-07-30,8.496666666666666
1170,2024-07-31,8.546388888888888
1171,2024-08-01,8.372777777777777
1172,2024-08-02,7.913055555555555
1173,2024-08-03,8.019722222222223
1174,2024-08-04,8.465
1175,2024-08-05,8.691666666666666
1176,2024-08-06,8.759166666666667
1177,2024-08-07,8.053888888888888
1178,2024-08-08,8.054166666666667
1179,2024-08-09,8.058055555555555
1180,2024-08-10,7.85888888888889
1181,2024-08-11,7.9077777777777785
1182,2024-08-12,8.01361111111111
1183,2024-08-13,6.913055555555556
1184,2024-08-14,8.389166666666666
1185,2024-08-15,8.33611111111111
1186,2024-08-16,7.707777777777778
1189,2024-08-17,8.48611111111111
1190,2024-08-18,8.462777777777777
1191,2024-08-19,2.121111111111111
1193,2024-08-20,8.815833333333334
1192,2024-08-21,8.382777777777777
1197,2024-08-22,8.626388888888888
1198,2024-08-23,7.411666666666667
1199,2024-08-24,9.51222222222222
1200,2024-08-25,8.407777777777778
1202,2024-08-26,8.723333333333333
1204,2024-08-27,8.634444444444444
1206,2024-08-28,7.6594444444444445
1208,2024-08-29,1.5391666666666666
1207,2024-08-30,0.27444444444444444
1211,2024-08-31,9.2975
1213,2024-09-01,9.053611111111111
1214,2024-09-02,9.595833333333333
1216,2024-09-03,8.725
1215,2024-09-04,0.0030555555555555557
1217,2024-09-06,8.126111111111111
1220,2024-09-07,9.6075
1221,2024-09-08,8.1675
1223,2024-09-09,8.489444444444445
1225,2024-09-10,8.463333333333333
1224,2024-09-11,0.1461111111111111
1226,2024-09-12,0.0008333333333333334
1227,2024-09-13,8.794166666666667
1230,2024-09-14,8.399444444444445
1232,2024-09-15,8.940833333333334
1233,2024-09-16,9.478055555555555
1234,2024-09-17,8.720833333333333
1235,2024-09-19,0.004722222222222222
1236,2024-09-20,7.498333333333333
1237,2024-09-21,8.039444444444445
1238,2024-09-22,7.778888888888889
1243,2024-09-23,9.174166666666666
1244,2024-09-24,8.203611111111112
1245,2024-09-26,0.003611111111111111
1246,2024-09-27,7.590277777777778
1249,2024-09-28,8.567222222222222
1250,2024-09-29,8.55861111111111
1252,2024-09-30,0.6661111111111111
1254,2024-10-01,8.180833333333332
1253,2024-10-02,8.337222222222222
1255,2024-10-04,8.685
1258,2024-10-05,8.914722222222222
1259,2024-10-06,8.286666666666667
1260,2024-10-07,8.411944444444446
1262,2024-10-08,8.166666666666666
1261,2024-10-09,0.043888888888888894
1264,2024-10-10,7.950555555555556
1263,2024-10-11,7.029166666666667
1266,2024-10-12,7.486944444444444
1268,2024-10-13,8.719722222222222
1270,2024-10-14,8.779444444444444
1271,2024-10-15,0.3236111111111111
1272,2024-10-17,7.609166666666667
1273,2024-10-18,8.006944444444445
1276,2024-10-19,9.069722222222222
1278,2024-10-20,8.743611111111111
1279,2024-10-21,8.527777777777779
1280,2024-10-22,0.6327777777777777
1281,2024-10-24,7.725555555555555
1282,2024-10-25,6.425
1285,2024-10-26,8.32
1287,2024-10-27,9.685277777777777
1288,2024-10-28,0.9380555555555555
1290,2024-10-29,1.5841666666666667
1289,2024-10-30,7.9975
1291,2024-10-31,7.796111111111111
1292,2024-11-01,6.126944444444444
1293,2024-11-02,8.196944444444446
1294,2024-11-03,8.637222222222222
1296,2024-11-04,7.762777777777778
1297,2024-11-05,8.654722222222222
1298,2024-11-06,8.675
1299,2024-11-07,8.395277777777778
1300,2024-11-08,9.006388888888889
1301,2024-11-09,7.339444444444444
1302,2024-11-10,9.005277777777778
1305,2024-11-11,9.653611111111111
1304,2024-11-12,8.099444444444444
1306,2024-11-14,8.206666666666667
1307,2024-11-15,8.4675
1308,2024-11-16,8.078611111111112
1311,2024-11-17,9.36
1310,2024-11-18,8.596111111111112
1314,2024-11-19,9.591388888888888
1313,2024-11-20,8.117222222222223
1315,2024-11-21,0.07472222222222222
1316,2024-11-22,8.681111111111111
1317,2024-11-23,8.453055555555556
1318,2024-11-24,6.7091666666666665
1319,2024-11-25,8.915555555555555
1320,2024-11-26,8.015
1321,2024-11-27,8.733055555555556
1322,2024-11-28,8.721388888888889
1323,2024-11-29,8.219166666666666
1324,2024-11-30,7.836388888888889
1325,2024-12-01,7.065277777777778
1326,2024-12-02,8.440277777777778
1327,2024-12-03,8.742777777777778
1328,2024-12-04,8.118611111111111
1329,2024-12-05,8.134722222222223
1330,2024-12-06,7.571111111111112
1331,2024-12-07,8.444722222222222
1334,2024-12-08,9.740833333333333
1333,2024-12-09,9.007499999999999
1336,2024-12-10,1.3455555555555556
1337,2024-12-12,6.7122222222222225
1338,2024-12-13,8.269166666666667
1339,2024-12-14,7.852222222222221
1340,2024-12-15,8.347777777777777
1341,2024-12-16,7.72
1342,2024-12-17,7.774166666666667
1344,2024-12-18,8.344722222222222
1345,2024-12-19,9.406666666666666
1346,2024-12-20,8.626666666666667
1347,2024-12-21,7.758888888888889
1348,2024-12-22,8.520833333333332
1349,2024-12-23,9.385555555555555
1351,2024-12-24,0.059166666666666666
1352,2024-12-25,8.349722222222221
1353,2024-12-26,9.415833333333332
1354,2024-12-27,8.852777777777776
1355,2024-12-28,8.364722222222222
1356,2024-12-29,7.990555555555556
1358,2024-12-30,8.589444444444444
1359,2024-12-31,9.41638888888889
1360,2025-01-01,7.566666666666668
1361,2025-01-02,6.6083333333333325
1362,2025-01-04,7.874999999999999
1363,2025-01-05,8.774999999999999
1364,2025-01-06,7.733333333333334
1365,2025-01-07,8.424999999999999
1366,2025-01-08,5.666666666666666
1367,2025-01-09,6.650000000000001
1368,2025-01-10,6.758333333333332
1369,2025-01-11,6.049999999999998
1370,2025-01-12,7.166666666666667
1372,2025-01-13,7.083333333333333
1373,2025-01-14,6.824999999999999
1374,2025-01-15,7.025000000000002
1375,2025-01-16,7.683333333333333
1376,2025-01-17,6.633333333333332
1377,2025-01-18,7.400000000000001
1378,2025-01-19,9.625000000000002
1379,2025-01-20,6.9
1380,2025-01-21,7.5
1381,2025-01-22,8.383333333333333
1382,2025-01-23,6.958333333333334
1383,2025-01-24,7.65
1385,2025-01-25,7.691666666666667
1386,2025-01-26,7.916666666666666
1387,2025-01-29,7.408333333333333
1388,2025-01-30,7.258333333333333
1389,2025-01-31,7.691666666666667
1390,2025-02-01,8.325
1391,2025-02-02,7.141666666666666
1392,2025-02-03,8.416666666666668
1393,2025-02-04,8.45
1394,2025-02-05,7.383333333333334
1395,2025-02-06,7.8
1396,2025-02-07,6.808333333333333
1397,2025-02-08,8.283333333333333
1398,2025-02-09,6.725
1399,2025-02-10,6.125000000000001
1401,2025-02-11,9.158333333333335
1402,2025-02-12,7.658333333333334
1403,2025-02-13,7.65
1404,2025-02-14,8.31666666666667
1405,2025-02-15,7.041666666666666
1406,2025-02-16,7.791666666666666
1407,2025-02-17,8.408333333333333
